{"f1_history": [0.7899025789025788, 0.8612753586282997, 0.8763870666370667, 0.8759378442907855, 0.9067371887371887, 0.8983935786435786, 0.9028733488733489, 0.9091265216265216, 0.9191412106412107, 0.9163732008732007], "acc_history": [0.804, 0.868, 0.8833333333333333, 0.8806666666666667, 0.9086666666666666, 0.902, 0.9046666666666666, 0.912, 0.9213333333333333, 0.918], "train_loss_history": [2.7636592826081365, 1.0975509752344865, 0.7136475321257754, 0.5278630410001501, 0.4220974187720561, 0.3463245887066387, 0.28969587935640334, 0.2494718408509046, 0.21397871913667546, 0.1854630000553847], "val_loss_history": [1.2834140740810556, 0.6760781273404335, 0.5316673480370577, 0.4955514044837749, 0.40063201079263966, 0.39215339918402914, 0.4214249254065625, 0.3686052481941086, 0.286813614080026, 0.3441762874556824], "auc": [0.9973275362318842, 0.998670680044593, 0.9988753623188406, 0.9988124860646599, 0.9988548494983278, 0.9989614269788183, 0.9984807134894091, 0.9988784838350057, 0.9994983277591973, 0.9989756967670012]}