{"f1_history": [0.7859006952643317, 0.8717662741299105, 0.8989917759008669, 0.9015462113643932, 0.9118552154915791, 0.9042221213130304, 0.9269054581781854, 0.9257118235300054, 0.9228320971957336, 0.9207119547119545], "acc_history": [0.7992727272727272, 0.8763636363636363, 0.904, 0.9047272727272727, 0.9156363636363636, 0.9076363636363637, 0.9294545454545454, 0.9272727272727272, 0.9250909090909091, 0.9236363636363636], "train_loss_history": [2.74666867782687, 1.0873618087057373, 0.7100780718526727, 0.522979021955276, 0.4120147493522598, 0.33653623234677127, 0.2786598450872344, 0.2436062285834356, 0.20891131536224178, 0.1813414153680316], "val_loss_history": [1.281332031931988, 0.7157921695778536, 0.44846682921918324, 0.4419869614201923, 0.4004284140848836, 0.3492985318393208, 0.3079786744445216, 0.27392993519775743, 0.322559159270726, 0.3191746853638527], "auc": [0.9973791639017918, 0.9986006635700067, 0.9995301924353018, 0.9989398805573989, 0.9990062375580626, 0.9993603185136032, 0.9990885202388853, 0.9996671532846716, 0.9990678168546782, 0.9990428666224286]}