{"f1_history": [0.49644733044733036, 0.7087559107559107, 0.8537027417027417, 0.9082626262626262, 0.8859409479409479, 0.9265268065268064, 0.9436969696969696, 0.9434965034965035, 0.9513131313131313, 0.916121212121212], "acc_history": [0.512, 0.712, 0.856, 0.912, 0.888, 0.928, 0.944, 0.944, 0.952, 0.92], "train_loss_history": [2.7564456219575844, 1.3583510143416269, 0.8543340844767434, 0.6115105565105166, 0.4921021008369874, 0.3903483488425917, 0.32038924560254933, 0.27420827243096974, 0.2294069807900458, 0.20627222080924074], "val_loss_history": [1.8013787865638733, 1.0092954263091087, 0.6126564964652061, 0.46214091405272484, 0.43614767119288445, 0.31682885251939297, 0.2911396073177457, 0.22551414091140032, 0.2146111624315381, 0.23227683641016483], "auc": [0.935, 0.9873333333333334, 0.9955333333333334, 0.9975333333333333, 0.9975333333333333, 0.9987333333333334, 0.9984666666666666, 0.9990666666666667, 0.9990666666666667, 0.9987999999999999]}