{"f1_history": [0.8217647685647684, 0.8843802641802642, 0.8944854478854478, 0.9032667110667111, 0.9203988899988899, 0.9250584748584748, 0.9304414252414251, 0.9160079920079919, 0.9384880452880454, 0.9310965478965479], "acc_history": [0.832, 0.8888, 0.8976, 0.9064, 0.9224, 0.9272, 0.9328, 0.9192, 0.94, 0.9328], "train_loss_history": [2.737367733378252, 1.066853048983242, 0.6912673170838312, 0.5092042894509299, 0.40142883174579597, 0.3328877602531657, 0.2759840210373527, 0.23269311069308882, 0.20193991929830318, 0.17749234318237578], "val_loss_history": [1.1643749539610706, 0.6375473973494542, 0.5238767117261887, 0.46588786738582805, 0.3641649301199219, 0.36291422072467927, 0.3147018634820286, 0.37775607514961423, 0.2504600210091736, 0.30973488934738913], "auc": [0.9975228915662651, 0.99898281124498, 0.9986223293172692, 0.9986473895582331, 0.9987431325301204, 0.9988093172690764, 0.9989127710843375, 0.9974605622489959, 0.9989847389558233, 0.9987521285140563]}