{"f1_history": [0.8206193806193806, 0.8693830120496786, 0.9083936310602978, 0.9238629271962604, 0.9254725274725275, 0.9364487857821191, 0.9293837027170359, 0.9336897670231002, 0.9380551793885126, 0.9457561450894783], "acc_history": [0.8328888888888889, 0.8737777777777778, 0.9111111111111111, 0.9271111111111111, 0.928, 0.9377777777777778, 0.9306666666666666, 0.9351111111111111, 0.9395555555555556, 0.9466666666666667], "train_loss_history": [2.714989920965018, 1.0608740951143296, 0.678310681656445, 0.496066172247211, 0.38721929399261784, 0.3143614891802595, 0.2616762960051658, 0.22233928613439508, 0.1944645634456612, 0.16649702764216118], "val_loss_history": [1.2663923124192467, 0.8114672609618012, 0.5083860072871329, 0.3626746587770086, 0.4071162606418972, 0.33455550749327095, 0.3643828464645735, 0.3319905329967888, 0.26624017875169365, 0.24489966835039603], "auc": [0.9972912698412698, 0.9974809523809524, 0.9986103174603174, 0.9988253968253968, 0.9986992063492064, 0.9988087301587302, 0.9988071428571429, 0.9988007936507937, 0.9988452380952381, 0.9988539682539683]}