{"f1_history": [0.7827037314431806, 0.8431613336602745, 0.8678496969147125, 0.8971941041414726, 0.9010283868178603, 0.9093308329097802, 0.9132973985079248, 0.909042559779402, 0.9179783491362438, 0.9188882345724451], "acc_history": [0.7928421052631579, 0.8501052631578947, 0.872, 0.9006315789473684, 0.9048421052631579, 0.9124210526315789, 0.9153684210526316, 0.911578947368421, 0.92, 0.92], "train_loss_history": [2.8154016213779665, 1.1219766388122812, 0.7443158606942848, 0.5593215076357948, 0.4456338492763429, 0.36807176227111954, 0.3100317130298649, 0.26876815839139734, 0.23496035461280718, 0.2083615825980186], "val_loss_history": [1.2926794894589673, 0.7451693895679192, 0.5980123258977128, 0.43413632970628324, 0.4051704135467142, 0.39315463236264336, 0.3265951349081209, 0.38032912486701603, 0.3221662297732378, 0.3492020019673861], "auc": [0.996919209415945, 0.9988899844548079, 0.998758516544526, 0.9992685765045525, 0.9994075061070398, 0.9990390406395737, 0.9997976460137686, 0.9985494115034422, 0.9993742838107927, 0.9987236953142349]}