{"f1_history": [0.7752493540911516, 0.8429099338259001, 0.878990612562041, 0.8867614924757782, 0.9052685092685093, 0.8914232328518042, 0.9079714148285576, 0.9053623572195001, 0.9148124362410076, 0.9151435654292797], "acc_history": [0.7855238095238095, 0.8506666666666667, 0.8826666666666667, 0.8918095238095238, 0.9078095238095238, 0.894095238095238, 0.9100952380952381, 0.9074285714285715, 0.9165714285714286, 0.9173333333333333], "train_loss_history": [2.839309443644467, 1.1285553958079473, 0.7488919158803733, 0.5637829566466718, 0.44982196913593875, 0.37259782131265673, 0.3158771781535355, 0.27342208275328733, 0.2377713997248768, 0.2113299397504596], "val_loss_history": [1.3032655202981198, 0.7723131651228125, 0.5374018801884217, 0.4440292725057313, 0.3995534549608375, 0.41734091580817195, 0.38053052630839923, 0.3658358863244454, 0.33840100786112476, 0.32581695337412936], "auc": [0.997970919665576, 0.9990482006543074, 0.9992795347146493, 0.9993308615049071, 0.9993563067975282, 0.9993199563794983, 0.9992133769538349, 0.9993644492911669, 0.999425517993457, 0.9994179571065067]}