{"f1_history": [0.7623764013764014, 0.8923898323898323, 0.903000037000037, 0.94395337995338, 0.9363574203574204, 0.9443102823102825, 0.9538114478114479, 0.9536166796166797, 0.9563535723535724, 0.9648826728826729], "acc_history": [0.776, 0.8933333333333333, 0.904, 0.944, 0.936, 0.944, 0.9546666666666667, 0.9546666666666667, 0.9573333333333334, 0.9653333333333334], "train_loss_history": [2.638279053629661, 1.087756409004432, 0.670052856004157, 0.4847762005162888, 0.38145912476137384, 0.2996530885649782, 0.2541660771356756, 0.21636640622350228, 0.18751490793007167, 0.15803291346548365], "val_loss_history": [1.4306787426273029, 0.7446562349796295, 0.5069742742925882, 0.3416030793450773, 0.2724676154709111, 0.2294038226827979, 0.2141522808621327, 0.1930815076145033, 0.18266712963425866, 0.14690987843399247], "auc": [0.9932900900900902, 0.9980972972972975, 0.9987819819819819, 0.9992504504504502, 0.9995243243243244, 0.999618018018018, 0.9994954954954957, 0.9995459459459459, 0.9996756756756758, 0.9997837837837839]}