{"f1_history": [0.7971086434932588, 0.8359553011091473, 0.8696053006822236, 0.8860916348608656, 0.9002064858218704, 0.8933454238069621, 0.9159388816311893, 0.9201631872401105, 0.8982070664378357, 0.9158792660331122], "acc_history": [0.812923076923077, 0.8461538461538461, 0.8756923076923077, 0.8898461538461538, 0.9033846153846153, 0.8984615384615384, 0.9175384615384615, 0.9224615384615384, 0.9003076923076923, 0.9175384615384615], "train_loss_history": [2.7608153193530978, 1.1029025210002996, 0.7172421508359984, 0.5360343936960028, 0.43056878200981896, 0.34846685069968647, 0.2921316077309875, 0.25520526292595763, 0.21796620981297704, 0.19381067274529076], "val_loss_history": [1.2366051697263531, 0.7926436516584134, 0.5812406822600785, 0.44681621985692604, 0.4078118500537148, 0.43914084388490987, 0.3444279947993802, 0.30759581484302295, 0.4979390401447959, 0.32697177970526264], "auc": [0.9977454890788224, 0.9984471035137702, 0.9987506172839506, 0.9989694207027541, 0.9990146248812917, 0.9989694207027541, 0.9990495726495727, 0.999137321937322, 0.9964239316239316, 0.9991358024691359]}