{"f1_history": [0.7765429911284844, 0.846222136824304, 0.8791140484165694, 0.8928233671090815, 0.8993327624756197, 0.9106194202622774, 0.9070908060193774, 0.907567107495679, 0.9213620982192411, 0.9275009117866261], "acc_history": [0.7931428571428571, 0.8531428571428571, 0.8845714285714286, 0.8971428571428571, 0.9028571428571428, 0.9131428571428571, 0.9091428571428571, 0.9102857142857143, 0.9234285714285714, 0.9291428571428572], "train_loss_history": [2.777280858527448, 1.1037062683132355, 0.7200360714420283, 0.5369493586535543, 0.42823620857512684, 0.3520953392519386, 0.29741122729489256, 0.2528821825293696, 0.22165255302478198, 0.19524711717981855], "val_loss_history": [1.3035768728364598, 0.7603152757341212, 0.5489558339118957, 0.4896032540635629, 0.43529940748756585, 0.3530707080594518, 0.5001885645091534, 0.36361213350160554, 0.30538776019080116, 0.2892782056026838], "auc": [0.9975584117887842, 0.9986334834220221, 0.9989753581661892, 0.9989550552599264, 0.9984491199345067, 0.999149570200573, 0.9968514121981171, 0.9990595169873107, 0.9992058943921407, 0.9991983626688499]}