{"f1_history": [0.8178531627103056, 0.8948347525490382, 0.9176722642436929, 0.9338328338328338, 0.9373240727526443, 0.9443978561121419, 0.9505887445887445, 0.9526075194646624, 0.9477979797979799, 0.9503003663003663], "acc_history": [0.824, 0.8971428571428571, 0.9188571428571428, 0.9348571428571428, 0.9382857142857143, 0.9462857142857143, 0.952, 0.9531428571428572, 0.9485714285714286, 0.9508571428571428], "train_loss_history": [2.67086295665534, 1.0488658350845936, 0.6590102873371144, 0.4813959508566213, 0.3730306983649556, 0.2968147912770073, 0.24601090986642146, 0.20905431380653836, 0.17929728998477595, 0.155298398819935], "val_loss_history": [1.2586578022349963, 0.6685606447133151, 0.46317411227659744, 0.33343450156125154, 0.30358216748996214, 0.2757306600158865, 0.192324339564551, 0.21825698299164123, 0.2160420883954926, 0.2018484845588153], "auc": [0.9978062397372743, 0.9992683087027915, 0.9996177339901477, 0.9997057471264368, 0.9997885057471265, 0.9995573070607553, 0.9998410509031199, 0.9997438423645322, 0.9997464696223317, 0.9997569786535303]}