{"f1_history": [0.836476948976949, 0.8742442002442004, 0.9043947163947166, 0.9277357087357088, 0.9379362859362861, 0.9271149961149961, 0.9382744292744293, 0.9422828282828283, 0.938980315980316, 0.950838901838902], "acc_history": [0.8453333333333334, 0.876, 0.904, 0.9293333333333333, 0.9373333333333334, 0.9293333333333333, 0.9386666666666666, 0.9426666666666667, 0.94, 0.9506666666666667], "train_loss_history": [2.679423260427143, 1.060567298523356, 0.6681132522630103, 0.4893913647014295, 0.377295029215484, 0.30384615084363353, 0.2566877802877351, 0.20957325620638062, 0.18276085480166132, 0.15959622239085894], "val_loss_history": [1.3295269633861297, 0.834557370936617, 0.6465161560063667, 0.41159823307014526, 0.34632869984241244, 0.35488955470475747, 0.3226158357364066, 0.2849988693252523, 0.28778483298547725, 0.2108395941595131], "auc": [0.9973494407158838, 0.998766890380313, 0.9976035794183448, 0.9996402684563759, 0.9997154362416109, 0.9996850111856823, 0.999593736017897, 0.9995776286353468, 0.9994093959731546, 0.9997064876957495]}