{"f1_history": [0.6633992673992674, 0.8555653235653236, 0.8628493728493728, 0.9223030303030303, 0.936862914862915, 0.9551515151515152, 0.9256212676212676, 0.9457878787878787, 0.9838383838383838, 0.9588686868686869], "acc_history": [0.684, 0.86, 0.868, 0.924, 0.94, 0.956, 0.928, 0.948, 0.984, 0.96], "train_loss_history": [2.6677225433244294, 1.1524106788245203, 0.7096101048655793, 0.5158623563761847, 0.39407769034489043, 0.325657899767648, 0.27767801282504584, 0.24081994564956194, 0.20660776045013424, 0.17218280037015615], "val_loss_history": [1.6624293997883797, 0.8364149704575539, 0.6669185785576701, 0.5057787401601672, 0.4185831220820546, 0.3082413808442652, 0.3316432344727218, 0.23226772877387702, 0.1926455944776535, 0.18452965328469872], "auc": [0.9828571428571428, 0.997191836734694, 0.9977142857142858, 0.9983836734693878, 0.9984653061224489, 0.9994285714285713, 0.9988408163265307, 0.9995265306122448, 0.9996897959183673, 0.9996408163265307]}