{"f1_history": [0.8277932511932513, 0.9062413142413143, 0.9256500832500832, 0.9352753912753913, 0.9402098346098346, 0.9478118326118327, 0.952866688866689, 0.9663760683760686, 0.9494279942279942, 0.9531676767676769], "acc_history": [0.8336, 0.9088, 0.9264, 0.936, 0.9408, 0.9488, 0.9536, 0.9664, 0.9504, 0.9536], "train_loss_history": [2.643423154937978, 1.038584451894371, 0.654824241740363, 0.47478635978942013, 0.36571091471582046, 0.28778594451595324, 0.2418627885075248, 0.20254246092420453, 0.17561857792263735, 0.15101895289001416], "val_loss_history": [1.278943419456482, 0.70677359290421, 0.4728978879749775, 0.37797758998349307, 0.2714477923233062, 0.26959015913307666, 0.24247537655755877, 0.180685760313645, 0.1951026133960113, 0.1638651025481522], "auc": [0.9965780645161291, 0.9986606451612904, 0.9992748387096774, 0.9994245161290324, 0.9996748387096774, 0.9995870967741936, 0.9996645161290323, 0.9998451612903226, 0.9997883870967743, 0.9998890322580646]}