{"f1_history": [0.8239070374070375, 0.909510101010101, 0.9223607503607505, 0.9373860028860029, 0.9472323232323232, 0.9535252525252526, 0.9590555555555556, 0.9591818181818182, 0.9591616161616162, 0.947909090909091], "acc_history": [0.834, 0.91, 0.922, 0.938, 0.948, 0.954, 0.96, 0.96, 0.96, 0.948], "train_loss_history": [2.6400990541277785, 1.0560386806021982, 0.6607759103929396, 0.47315677653573157, 0.37042514306760155, 0.3010506302535626, 0.24501895232610443, 0.20448725456362332, 0.17735946483963685, 0.15038177791986718], "val_loss_history": [1.3927381075918674, 0.6703883474692702, 0.4425741534214467, 0.32213999424129725, 0.27652969502378255, 0.253412505146116, 0.24390384927392006, 0.18904473073780537, 0.17431203206069767, 0.20854780985973775], "auc": [0.9969656565656565, 0.9987191919191918, 0.9993898989898992, 0.9996444444444443, 0.9996767676767678, 0.9996161616161616, 0.9996606060606062, 0.9997858585858586, 0.9998101010101011, 0.9996040404040404]}