{"f1_history": [0.7960059450353568, 0.8777226107226106, 0.905514985014985, 0.9084717504717505, 0.9259876789876789, 0.9354835997335997, 0.9303425463425463, 0.9419311244311244, 0.9375465645465645, 0.9386811244311243], "acc_history": [0.806, 0.884, 0.908, 0.911, 0.928, 0.937, 0.932, 0.943, 0.939, 0.941], "train_loss_history": [2.7044670729989093, 1.0576951481909829, 0.669591557832176, 0.492028605740905, 0.3827011022126748, 0.30939869968261646, 0.26077921041738583, 0.21920841355745546, 0.19119478610803925, 0.1650780451979043], "val_loss_history": [1.4078870198083302, 0.7248017303054295, 0.5013397042713468, 0.42531275914775, 0.3404815900065596, 0.2744390062159962, 0.3421950572658153, 0.2481919667787022, 0.25288389942475725, 0.27903835249266457], "auc": [0.9948633165829146, 0.9977698492462312, 0.9984281407035176, 0.9984874371859296, 0.9986824120603015, 0.9988814070351759, 0.9985718592964824, 0.998827135678392, 0.998808040201005, 0.9986954773869346]}