{"f1_history": [0.9396119887242882, 0.9493147155874427, 0.9585901774992684, 0.9669834811652994, 0.9670501215955762, 0.968474616292798, 0.9615688150233604, 0.9717703710430984, 0.973099950554496, 0.9636426603699331], "acc_history": [0.9410909090909091, 0.9512727272727273, 0.9592727272727273, 0.968, 0.9672727272727273, 0.9687272727272728, 0.9621818181818181, 0.9723636363636363, 0.9730909090909091, 0.9643636363636363], "train_loss_history": [0.9388590981937491, 0.22289517733377762, 0.1281845642666832, 0.08417341043336461, 0.05825423712463211, 0.04218342167791585, 0.031173258961276443, 0.024811811355594925, 0.0189479482610302, 0.015287021288998878], "val_loss_history": [4.779706284057262, 4.729056313980458, 4.6978732097980584, 4.68816811539406, 4.68057246540868, 4.6737025393996126, 4.675163041713626, 4.667762955953909, 4.666207407796105, 4.668837264526722], "auc": [0.9996905109489052, 0.9997998672859988, 0.999869409422694, 0.9998879893828798, 0.9998890510948906, 0.9998800265428004, 0.999864100862641, 0.999900199071002, 0.9998747179827472, 0.9998991373589913]}