{"f1_history": [0.9350868020868021, 0.9581605616605616, 0.9617879065379066, 0.9643250360750361, 0.9619632034632034, 0.9638875291375291, 0.9677602952602952, 0.9691719114219114, 0.9673292818292819, 0.9733502886002885], "acc_history": [0.937, 0.959, 0.963, 0.965, 0.963, 0.965, 0.968, 0.97, 0.968, 0.974], "train_loss_history": [0.9347958320313573, 0.19678726744504388, 0.1148318201324963, 0.07280569136830602, 0.05069047625114313, 0.035917704937770016, 0.026516582130251366, 0.01996845343506694, 0.01591869723682046, 0.01343821966905021], "val_loss_history": [4.450082854619102, 4.398344584873745, 4.376446602836488, 4.367769468398321, 4.361776510874431, 4.35814578949459, 4.350728996216305, 4.350571276649596, 4.346841009836348, 4.343411006624737], "auc": [0.9997316582914573, 0.9998211055276381, 0.9998814070351759, 0.9998743718592965, 0.9998844221105528, 0.9998984924623115, 0.9998994974874371, 0.9999035175879396, 0.9998934673366833, 0.9998723618090452]}