{"f1_history": [0.9611818181818182, 0.9758030303030303, 0.977017316017316, 0.9758232323232323, 0.9858787878787879, 0.986030303030303, 0.9879191919191919, 0.9838787878787879, 0.9840808080808081, 0.9878989898989898], "acc_history": [0.962, 0.976, 0.978, 0.976, 0.986, 0.986, 0.988, 0.984, 0.984, 0.988], "train_loss_history": [0.9704886948860194, 0.16778831502742383, 0.08913349654412572, 0.053968188569920264, 0.035057516171183446, 0.02282216351948064, 0.01611601865381617, 0.011239715885613372, 0.007892029388188069, 0.005985985492358634], "val_loss_history": [3.7439283430576324, 3.68528962880373, 3.6709673181176186, 3.662189044058323, 3.654587469995022, 3.6513209491968155, 3.646474838256836, 3.646646797657013, 3.6441836059093475, 3.6409684270620346], "auc": [0.9996, 0.9998101010101008, 0.9998626262626263, 0.9998747474747475, 0.9998505050505051, 0.9998424242424242, 0.9998666666666667, 0.9998666666666667, 0.9998505050505051, 0.9998545454545454]}