{"f1_history": [0.9329042239811471, 0.9426723362107977, 0.9466654542039158, 0.9538926202003125, 0.9537701785394094, 0.9572844420536729, 0.960610193225578, 0.9630692726077342, 0.963525572466749, 0.9608739294893142], "acc_history": [0.9353846153846154, 0.944, 0.947076923076923, 0.955076923076923, 0.9544615384615385, 0.9575384615384616, 0.9618461538461538, 0.963076923076923, 0.9636923076923077, 0.9618461538461538], "train_loss_history": [0.9504393126404248, 0.2395007720005578, 0.14119926735212326, 0.09509162710508044, 0.06664528071934325, 0.04955450487196407, 0.03737519051906637, 0.030143534734285854, 0.022945870652959912, 0.019162401326130327], "val_loss_history": [4.95428308318643, 4.901835455613978, 4.8834711663863235, 4.869594690846462, 4.85853936625462, 4.8551004493937775, 4.8498984177907305, 4.844002382428038, 4.844061571009019, 4.841414549771478], "auc": [0.9997546058879392, 0.9998248812915479, 0.9998381766381764, 0.999878822412156, 0.9998662867996201, 0.999889078822412, 0.9998659069325735, 0.9998871794871796, 0.999875403608737, 0.9998704653371321]}