{"f1_history": [0.9471547588214255, 0.9475426444900129, 0.9640134926801593, 0.9672865710904927, 0.9684816664816664, 0.9721168954502288, 0.9738568591901927, 0.9758003971337306, 0.9708090428090428, 0.9731382198048866], "acc_history": [0.9484444444444444, 0.9475555555555556, 0.9653333333333334, 0.9671111111111111, 0.9688888888888889, 0.9733333333333334, 0.9742222222222222, 0.976, 0.9715555555555555, 0.9733333333333334], "train_loss_history": [0.9193421293480218, 0.2056873445282212, 0.11782167828817172, 0.0735902796411336, 0.051203833848468806, 0.03675148932403846, 0.027695872884328527, 0.02093326720588261, 0.016076799570999372, 0.012838809098266651], "val_loss_history": [4.564269321065553, 4.521496215336759, 4.497893769976119, 4.485002282639624, 4.479247845394511, 4.469247636660723, 4.468233833850269, 4.46196028884028, 4.462745982156673, 4.460785355366451], "auc": [0.999792857142857, 0.9998801587301586, 0.9999000000000001, 0.9998936507936508, 0.9998619047619048, 0.9998674603174603, 0.9998444444444444, 0.9998611111111111, 0.9999246031746033, 0.9998666666666668]}