{"f1_history": [0.9425606615606617, 0.9757979797979798, 0.9841414141414141, 0.9841414141414141, 0.9878787878787879, 0.9838383838383838, 0.9878787878787879, 0.9841414141414141, 0.9878787878787879, 0.9878787878787879], "acc_history": [0.944, 0.976, 0.984, 0.984, 0.988, 0.984, 0.988, 0.984, 0.988, 0.988], "train_loss_history": [1.3668867819971102, 0.2118369981699865, 0.11023607481069146, 0.06506481053400975, 0.041861006441089976, 0.028796345954675204, 0.020843370090303504, 0.015246472441079953, 0.011569293458640845, 0.00928078661994163], "val_loss_history": [3.085317850112915, 3.0166990756988525, 2.9915656745433807, 2.9838073402643204, 2.9788874238729477, 2.977238819003105, 2.9722000509500504, 2.970620170235634, 2.9684842228889465, 2.9657880514860153], "auc": [0.999004081632653, 0.999608163265306, 0.9997387755102041, 0.9997061224489795, 0.9998857142857142, 0.9998204081632653, 0.9998530612244898, 0.9998530612244898, 0.9998530612244898, 0.9998857142857142]}