{"f1_history": [0.9589579309579309, 0.9708501868501869, 0.9751582491582491, 0.9687643097643098, 0.9850269360269359, 0.9740134680134679, 0.9796801346801347, 0.985013468013468, 0.9809865319865321, 0.985013468013468], "acc_history": [0.96, 0.972, 0.976, 0.9706666666666667, 0.9853333333333333, 0.9746666666666667, 0.9813333333333333, 0.9853333333333333, 0.9813333333333333, 0.9853333333333333], "train_loss_history": [0.9229400391972769, 0.17597589300771657, 0.0961062352662326, 0.0591738237427683, 0.03882654812191747, 0.02603611909783259, 0.018059767546723546, 0.012990329296853355, 0.010041014731177212, 0.0072256763196804], "val_loss_history": [4.160369802028574, 4.099500899619245, 4.083132297434705, 4.075285485450258, 4.060216071757864, 4.0617345038880694, 4.056028883507911, 4.05182626399588, 4.0520582909279685, 4.04701307986645], "auc": [0.9996653243847876, 0.99988903803132, 0.9998818791946309, 0.9999176733780761, 0.9998782997762866, 0.9998335570469798, 0.9997279642058167, 0.9999087248322147, 0.9998729306487697, 0.9999123042505592]}