{"f1_history": [0.9507821067821067, 0.9660839160839161, 0.9627186147186149, 0.9720175380175381, 0.9757633477633478, 0.9709486703772418, 0.9747107812822099, 0.9746320346320346, 0.9744011544011545, 0.9815324675324676], "acc_history": [0.9508571428571428, 0.9668571428571429, 0.9634285714285714, 0.9725714285714285, 0.976, 0.9714285714285714, 0.9748571428571429, 0.9748571428571429, 0.9748571428571429, 0.9817142857142858], "train_loss_history": [0.9218677653901038, 0.17995682150791906, 0.09917706597235895, 0.06229688876221104, 0.03955560530780997, 0.02795222646671503, 0.020960190458103052, 0.015090297212342178, 0.011526846848610042, 0.009083147822850919], "val_loss_history": [4.309846843372692, 4.25866174697876, 4.245591163635254, 4.2292289993979715, 4.217752838134766, 4.222283666784113, 4.218311899358576, 4.213537112149325, 4.2090859499844635, 4.204339556260543], "auc": [0.9996794745484402, 0.9997648604269294, 0.9998804597701151, 0.9998778325123151, 0.9998935960591133, 0.999783251231527, 0.9998778325123153, 0.9997819376026271, 0.9997885057471262, 0.9997871921182266]}