{"f1_history": [0.9352193584193583, 0.9744727272727274, 0.970949494949495, 0.975408103008103, 0.9837939393939394, 0.9870868686868687, 0.984080808080808, 0.9870868686868687, 0.9872484848484848, 0.9903191919191918], "acc_history": [0.9376, 0.9744, 0.9712, 0.976, 0.984, 0.9872, 0.984, 0.9872, 0.9872, 0.9904], "train_loss_history": [0.9396200122547393, 0.16181558991953426, 0.08510119395634654, 0.050378572985491886, 0.031631940198843654, 0.02129188223162248, 0.01454005100821354, 0.010310424038836238, 0.007245996334205134, 0.00484477179398171], "val_loss_history": [3.9763785660266877, 3.9159983575344084, 3.8963112235069275, 3.886476582288742, 3.8775623202323914, 3.8733704447746278, 3.8714912056922914, 3.867087608575821, 3.865566146373749, 3.862282657623291], "auc": [0.9996954838709677, 0.9998709677419355, 0.9998787096774193, 0.9998658064516129, 0.999901935483871, 0.9998787096774193, 0.9999354838709678, 0.9998838709677419, 0.9998967741935484, 0.9999045161290322]}