{"f1_history": [0.908549926264212, 0.946453978327928, 0.9483276695293502, 0.9538496265639124, 0.9566774971060685, 0.9523114345971488, 0.9564762063333492, 0.962506858221144, 0.9629110571967714, 0.9593510774939348], "acc_history": [0.9125714285714286, 0.948, 0.9497142857142857, 0.9554285714285714, 0.9577142857142857, 0.952, 0.9571428571428572, 0.9634285714285714, 0.964, 0.9594285714285714], "train_loss_history": [0.9518488586487988, 0.24203515536051984, 0.1434326810884635, 0.09679087577653665, 0.0684895613163589, 0.05060904707610468, 0.03958909544598157, 0.030523203691525714, 0.02514036686265157, 0.01937790938181662], "val_loss_history": [5.032311335476962, 4.972612875158137, 4.951243643327193, 4.941347976164384, 4.930693665417758, 4.933551333167336, 4.924479371851141, 4.920263533158736, 4.916736646132036, 4.916254906220869], "auc": [0.9997321326238232, 0.9998270978305362, 0.9998690135079821, 0.9998722881702825, 0.999869340974212, 0.9998958657388458, 0.9998866966844044, 0.9999020875972165, 0.999876872697503, 0.9998978305362259]}