{"f1_history": [0.9598181818181818, 0.9757912457912458, 0.9813468013468012, 0.9838383838383838, 0.9973063973063974, 0.991919191919192, 0.9973063973063974, 0.991919191919192, 0.9946127946127946, 0.9946127946127946], "acc_history": [0.96, 0.976, 0.9813333333333333, 0.984, 0.9973333333333333, 0.992, 0.9973333333333333, 0.992, 0.9946666666666667, 0.9946666666666667], "train_loss_history": [1.0899998094658463, 0.18200267377455218, 0.09474023338153857, 0.05897092576183024, 0.038882042946084876, 0.02664464928152762, 0.018568988616909313, 0.013682786966784901, 0.010190974478372278, 0.007196702334402623], "val_loss_history": [3.46194197734197, 3.405844986438751, 3.383226046959559, 3.375560700893402, 3.36773082613945, 3.362575819094976, 3.359157313903173, 3.360025862852732, 3.355866312980652, 3.3538308342297873], "auc": [0.9994522522522523, 0.9997117117117117, 0.999863063063063, 0.9999423423423422, 0.9999279279279278, 0.9999567567567567, 0.9999639639639639, 0.9999639639639639, 0.9999567567567567, 0.9999279279279278]}