{"f1_history": [0.9121793046666996, 0.9335113246541817, 0.9492242836528552, 0.9489933452790597, 0.9532827701399129, 0.9528532314246599, 0.9575900607329177, 0.9531494642923215, 0.9592430532430534, 0.9538685705828562], "acc_history": [0.915047619047619, 0.936, 0.9500952380952381, 0.9497142857142857, 0.9542857142857143, 0.9531428571428572, 0.9580952380952381, 0.9535238095238096, 0.9592380952380952, 0.9554285714285714], "train_loss_history": [1.0122262772515713, 0.28050227151890045, 0.1720548218319289, 0.11838943342776995, 0.08707082031902534, 0.06514461321617572, 0.052672340784621734, 0.041603176757791675, 0.033580363084909096, 0.02770547182260475], "val_loss_history": [5.43598530220263, 5.381727663675944, 5.357321753646389, 5.349802647214947, 5.33972956050526, 5.336322200659549, 5.330832287759492, 5.3295983343413385, 5.322386796546705, 5.326312047784978], "auc": [0.9998323518720467, 0.9998455834242094, 0.9998999636495821, 0.9998990912395493, 0.9998671028716832, 0.999896328607779, 0.9998934205743366, 0.9998835332606324, 0.999855979643766, 0.9998737913486007]}