{"f1_history": [0.9293103933103933, 0.944107041107041, 0.9604698172198172, 0.9541263921263922, 0.9575483405483406, 0.9655151515151515, 0.9643358678358679, 0.9641936026936028, 0.9632215192215193, 0.9613498168498169], "acc_history": [0.932, 0.9453333333333334, 0.9613333333333334, 0.9553333333333334, 0.9586666666666667, 0.966, 0.9646666666666667, 0.964, 0.9633333333333334, 0.962], "train_loss_history": [0.943249442942438, 0.23067551781129272, 0.13751124584188537, 0.09063179624772806, 0.06362923250098663, 0.0465674635215884, 0.03525037131652107, 0.02884641771590542, 0.021812346588580393, 0.018410808870121295], "val_loss_history": [4.873386712784463, 4.817190109415257, 4.7925964669978365, 4.782890035751018, 4.774522071189069, 4.765254685219298, 4.759788010982757, 4.764226563433383, 4.759621594814544, 4.757464738602334], "auc": [0.9997373467112599, 0.9998220735785952, 0.9997975473801561, 0.9998684503901895, 0.9998550724637684, 0.9998746934225194, 0.9999112597547382, 0.9999099219620958, 0.9999130434782608, 0.9998831661092531]}