{"f1_history": [0.8275555555555555, 0.9671717171717171, 0.9757575757575757, 0.9919191919191919, 0.9919191919191919, 0.9919191919191919, 1.0, 1.0, 0.9919191919191919, 0.9919191919191919], "acc_history": [0.848, 0.968, 0.976, 0.992, 0.992, 0.992, 1.0, 1.0, 0.992, 0.992], "train_loss_history": [2.5586227567828432, 0.42466527691909245, 0.2081045816101286, 0.12555589654235816, 0.08242566148579425, 0.05616004620488657, 0.0388514880036308, 0.02752052674911042, 0.01958598048160119, 0.015438407640286474], "val_loss_history": [2.5134382843971252, 2.3834950923919678, 2.3434367775917053, 2.3235576152801514, 2.3153968155384064, 2.3132154643535614, 2.3079459369182587, 2.305620849132538, 2.3037190437316895, 2.3027349412441254], "auc": [0.9921333333333334, 0.9996, 0.9999333333333333, 1.0, 1.0, 1.0, 1.0, 1.0, 1.0, 1.0]}