{"f1_history": [0.9423327006327007, 0.9494771894771893, 0.9544786546786549, 0.9571463203463205, 0.9632632256632256, 0.9682949494949494, 0.9691334887334888, 0.9704525252525252, 0.9673737373737374, 0.9724], "acc_history": [0.9432, 0.9512, 0.956, 0.9584, 0.964, 0.9688, 0.9696, 0.9704, 0.968, 0.9728], "train_loss_history": [0.9370974980847617, 0.21821333637118168, 0.12797179119470528, 0.08390798282421218, 0.058102338133603576, 0.04209649813782547, 0.0307922293102118, 0.02398955624609958, 0.018875075516429692, 0.014543032262540835], "val_loss_history": [4.68013819561729, 4.632762739929972, 4.607541446444355, 4.593571439574037, 4.587927081916906, 4.5779436811616145, 4.574897222881075, 4.570852309842653, 4.57018516637102, 4.565884173670901], "auc": [0.9996986345381527, 0.999814297188755, 0.9998695582329317, 0.9998804819277108, 0.9998676305220884, 0.9999055421686748, 0.9998843373493976, 0.9999106827309238, 0.9998843373493976, 0.9999106827309238]}