{"f1_history": [0.9586111666111667, 0.9919191919191919, 0.9919191919191919, 0.9748556998556999, 0.9959595959595959, 0.9919191919191919, 0.9683038073038073], "acc_history": [0.96, 0.992, 0.992, 0.976, 0.996, 0.992, 0.968], "train_loss_history": [0.15067366796275716, 0.08147211908951275, 0.0039930024123012876, 0.06414453828099624, 0.024606771439888733, 0.04858297622808865, 0.031556051501785115], "val_loss_history": [3.0008564889431, 2.9586342573165894, 2.9543059319257736, 2.9757785499095917, 2.955573871731758, 2.952920898795128, 2.983766794204712], "auc": [0.9996408163265307, 0.9999836734693878, 1.0, 0.9999183673469387, 1.0, 1.0, 0.999934693877551]}