{"f1_history": [0.9671717171717171, 0.9838383838383838, 0.9671717171717171, 0.9757575757575757, 0.9919191919191919, 0.9919191919191919, 0.9919191919191919], "acc_history": [0.968, 0.984, 0.968, 0.976, 0.992, 0.992, 0.992], "train_loss_history": [0.21290169596726702, 0.033535106576877, 0.03790066625576345, 0.03709047261454172, 0.005542083827499389, 0.0006334382465276613, 7.18867533736074e-05], "val_loss_history": [2.3195566534996033, 2.3009160459041595, 2.3175108730793, 2.3107932209968567, 2.2979060411453247, 2.293544501066208, 2.293674945831299], "auc": [0.9999333333333333, 1.0, 0.9999333333333333, 0.9999333333333333, 1.0, 1.0, 1.0]}